{"polyfill":["/polyfill-635a9dfd597478a1f0fa.js"],"app":["/app-136060e559f041fa9441.js"],"component---src-pages-404-js":["/component---src-pages-404-js-75bb7ffb6733aab8a728.js"],"component---src-pages-index-js":["/component---src-pages-index-js-88b32d06479dac6843d8.js"],"component---src-pages-page-2-js":["/component---src-pages-page-2-js-de0e45263075e6e0da65.js"],"component---src-pages-using-ssr-js":["/component---src-pages-using-ssr-js-01dfa6f9557f5e7c40ff.js"],"component---src-pages-using-typescript-tsx":["/component---src-pages-using-typescript-tsx-1d609791c271cadef949.js"],"component---src-templates-using-dsg-js":["/component---src-templates-using-dsg-js-b6351c90212ed88f8071.js"]}