{"name":"build-javascript","namedChunkGroups":{"polyfill":{"name":"polyfill","assets":[{"name":"webpack-runtime-0f1df3932d0b699ec579.js","size":5276},{"name":"polyfill-635a9dfd597478a1f0fa.js","size":85862}],"filteredAssets":0,"assetsSize":91138,"filteredAuxiliaryAssets":2,"auxiliaryAssetsSize":228463},"app":{"name":"app","assets":[{"name":"webpack-runtime-0f1df3932d0b699ec579.js","size":5276},{"name":"framework-fab26466f6939b34594c.js","size":129766},{"name":"app-136060e559f041fa9441.js","size":70060}],"filteredAssets":0,"assetsSize":205102,"filteredAuxiliaryAssets":3,"auxiliaryAssetsSize":662834},"component---src-pages-404-js":{"name":"component---src-pages-404-js","assets":[{"name":"styles.4d11d6e135a39c7a34f5.css","size":16662},{"name":"commons-21ac47d5c2fd3bf6d870.js","size":19577},{"name":"component---src-pages-404-js-75bb7ffb6733aab8a728.js","size":484}],"filteredAssets":0,"assetsSize":36723,"filteredAuxiliaryAssets":4,"auxiliaryAssetsSize":11960873},"component---src-pages-index-js":{"name":"component---src-pages-index-js","assets":[{"name":"styles.4d11d6e135a39c7a34f5.css","size":16662},{"name":"commons-21ac47d5c2fd3bf6d870.js","size":19577},{"name":"component---src-pages-index-js-88b32d06479dac6843d8.js","size":12524}],"filteredAssets":0,"assetsSize":48763,"filteredAuxiliaryAssets":9,"auxiliaryAssetsSize":25144303},"component---src-pages-page-2-js":{"name":"component---src-pages-page-2-js","assets":[{"name":"styles.4d11d6e135a39c7a34f5.css","size":16662},{"name":"commons-21ac47d5c2fd3bf6d870.js","size":19577},{"name":"component---src-pages-page-2-js-de0e45263075e6e0da65.js","size":521}],"filteredAssets":0,"assetsSize":36760,"filteredAuxiliaryAssets":4,"auxiliaryAssetsSize":11960970},"component---src-pages-using-ssr-js":{"name":"component---src-pages-using-ssr-js","assets":[{"name":"styles.4d11d6e135a39c7a34f5.css","size":16662},{"name":"commons-21ac47d5c2fd3bf6d870.js","size":19577},{"name":"component---src-pages-using-ssr-js-01dfa6f9557f5e7c40ff.js","size":878}],"filteredAssets":0,"assetsSize":37117,"filteredAuxiliaryAssets":4,"auxiliaryAssetsSize":11961972},"component---src-pages-using-typescript-tsx":{"name":"component---src-pages-using-typescript-tsx","assets":[{"name":"styles.4d11d6e135a39c7a34f5.css","size":16662},{"name":"commons-21ac47d5c2fd3bf6d870.js","size":19577},{"name":"component---src-pages-using-typescript-tsx-1d609791c271cadef949.js","size":1331}],"filteredAssets":0,"assetsSize":37570,"filteredAuxiliaryAssets":4,"auxiliaryAssetsSize":11962292},"component---src-templates-using-dsg-js":{"name":"component---src-templates-using-dsg-js","assets":[{"name":"styles.4d11d6e135a39c7a34f5.css","size":16662},{"name":"commons-21ac47d5c2fd3bf6d870.js","size":19577},{"name":"component---src-templates-using-dsg-js-b6351c90212ed88f8071.js","size":794}],"filteredAssets":0,"assetsSize":37033,"filteredAuxiliaryAssets":4,"auxiliaryAssetsSize":11961311}},"assetsByChunkName":{"polyfill":["webpack-runtime-0f1df3932d0b699ec579.js","polyfill-635a9dfd597478a1f0fa.js"],"app":["webpack-runtime-0f1df3932d0b699ec579.js","framework-fab26466f6939b34594c.js","app-136060e559f041fa9441.js"],"component---src-pages-404-js":["styles.4d11d6e135a39c7a34f5.css","commons-21ac47d5c2fd3bf6d870.js","component---src-pages-404-js-75bb7ffb6733aab8a728.js"],"component---src-pages-index-js":["styles.4d11d6e135a39c7a34f5.css","commons-21ac47d5c2fd3bf6d870.js","component---src-pages-index-js-88b32d06479dac6843d8.js"],"component---src-pages-page-2-js":["styles.4d11d6e135a39c7a34f5.css","commons-21ac47d5c2fd3bf6d870.js","component---src-pages-page-2-js-de0e45263075e6e0da65.js"],"component---src-pages-using-ssr-js":["styles.4d11d6e135a39c7a34f5.css","commons-21ac47d5c2fd3bf6d870.js","component---src-pages-using-ssr-js-01dfa6f9557f5e7c40ff.js"],"component---src-pages-using-typescript-tsx":["styles.4d11d6e135a39c7a34f5.css","commons-21ac47d5c2fd3bf6d870.js","component---src-pages-using-typescript-tsx-1d609791c271cadef949.js"],"component---src-templates-using-dsg-js":["styles.4d11d6e135a39c7a34f5.css","commons-21ac47d5c2fd3bf6d870.js","component---src-templates-using-dsg-js-b6351c90212ed88f8071.js"]},"childAssetsByChunkName":{}}